id,resident_id,date,time,systolic,diastolic,pulse,spo2,glucose,notes
1,1,2026-09-13,07:30,152,84,71,97,118,
2,2,2026-09-13,07:30,129,78,81,95,,
3,3,2026-09-13,07:30,119,76,64,90,,
4,4,2026-09-13,07:30,137,85,80,96,,
5,1,2026-09-14,07:30,151,84,84,96,135,
6,2,2026-09-14,07:30,134,82,78,96,,
7,3,2026-09-14,07:30,127,74,69,90,,
8,4,2026-09-14,07:30,142,87,68,97,,
9,1,2026-09-15,07:30,145,90,66,95,128,
10,2,2026-09-15,07:30,132,77,75,97,,
11,3,2026-09-15,07:30,127,74,78,90,,
12,4,2026-09-15,07:30,144,83,66,98,,
13,1,2026-09-16,07:30,150,86,75,99,144,
14,2,2026-09-16,07:30,135,79,65,95,,
15,3,2026-09-16,07:30,128,73,66,92,,
16,4,2026-09-16,07:30,139,83,72,98,,
17,1,2026-09-17,07:30,149,89,69,97,144,
18,2,2026-09-17,07:30,131,81,72,96,,
19,3,2026-09-17,07:30,128,71,81,91,,
20,4,2026-09-17,07:30,139,84,76,98,,
21,1,2026-09-18,07:30,146,89,71,99,140,
22,2,2026-09-18,07:30,136,81,71,95,,
23,3,2026-09-18,07:30,118,75,72,93,,
24,4,2026-09-18,07:30,137,85,74,99,,
25,1,2026-09-19,07:30,145,89,84,98,133,
26,2,2026-09-19,07:30,133,78,68,97,,
27,3,2026-09-19,07:30,121,78,82,92,,
28,4,2026-09-19,07:30,142,88,71,97,,
29,1,2026-09-20,07:30,144,88,65,95,133,Dizzy on standing
30,2,2026-09-20,07:30,127,78,77,96,,
31,3,2026-09-20,07:30,127,71,76,93,,
32,4,2026-09-20,07:30,145,89,72,99,,
33,2,2026-09-21,07:30,134,76,81,95,,
34,3,2026-09-21,07:30,122,75,73,90,,
35,4,2026-09-21,07:30,142,84,64,98,,
36,2,2026-09-22,07:30,130,84,80,96,,
37,3,2026-09-22,07:30,119,74,68,91,,
38,4,2026-09-22,07:30,141,84,80,99,,
39,2,2026-09-23,07:30,126,81,64,98,,
40,3,2026-09-23,07:30,119,75,71,92,,
41,4,2026-09-23,07:30,136,85,66,99,,
42,1,2026-09-24,07:30,123,79,81,95,144,
43,2,2026-09-24,07:30,128,78,81,98,,
44,3,2026-09-24,07:30,120,74,70,93,,
45,4,2026-09-24,07:30,144,85,76,97,,
46,1,2026-09-25,07:30,132,77,78,99,132,
47,2,2026-09-25,07:30,127,79,66,96,,
48,3,2026-09-25,07:30,123,70,82,91,,
49,4,2026-09-25,07:30,139,82,84,95,,
50,1,2026-09-26,07:30,122,75,74,95,120,
51,2,2026-09-26,07:30,127,84,72,96,,
52,3,2026-09-26,07:30,128,77,81,91,,
53,4,2026-09-26,07:30,138,89,79,96,,
